{"cameraMode":{"drawMode":0,"name":"Shaded","section":"Shading Mode"},"sceneLighting":true,"audioPlay":false,"sceneViewState":{"m_AlwaysRefresh":false,"showFog":true,"showSkybox":true,"showFlares":true,"showImageEffects":true,"showParticleSystems":true,"showVisualEffectGraphs":true,"m_FxEnabled":true},"in2DMode":false,"pivot":{"x":-0.27501100301742556,"y":1.943666934967041,"z":0.5858707427978516},"rotation":{"x":-0.03131745010614395,"y":0.10594238340854645,"z":-0.0033385460264980795,"w":-0.9938742518424988},"size":1.3786307573318482,"orthographic":false}